picture_name,hair
imgname,"0-no hair 1-little hair, 2-some hair, 3-a lot hair"
PAT_16_24_691.png,1
PAT_21_982_266.png,0
PAT_34_47_108.png,0
PAT_65_101_847.png,0
PAT_76_1039_269.png,1
PAT_79_120_532.png,1
PAT_87_133_159.png,0
PAT_89_135_11.png,0
PAT_109_868_113.png,2
PAT_121_184_502.png,0
PAT_131_197_260.png,0
PAT_138_206_507.png,3
PAT_145_216_110.png,0
PAT_146_217_187.png,2
PAT_164_255_119.png,0
PAT_217_1290_283.png,0
PAT_221_339_566.png,0
PAT_224_343_782.png,0
PAT_241_367_374.png,0
PAT_242_369_930.png,1
PAT_252_383_31.png,1
PAT_255_388_77.png,3
PAT_263_403_382.png,1
PAT_265_406_276.png,0
PAT_267_1061_324.png,0
PAT_269_415_103.png,3
PAT_276_425_539.png,0
PAT_287_440_729.png,1
PAT_309_662_76.png,0
PAT_319_680_832.png,0
PAT_330_695_90.png,0
PAT_368_2427_803.png,3
PAT_423_839_596.png,2
PAT_432_851_560.png,0
PAT_441_861_415.png,0
PAT_489_932_138.png,0
PAT_492_937_43.png,1
PAT_522_985_991.png,1
PAT_527_1360_225.png,3
PAT_528_993_589.png,1
PAT_557_1058_309.png,0
PAT_559_1093_774.png,3
PAT_566_179_23.png,0
PAT_575_1088_134.png,0
PAT_580_1104_684.png,0
PAT_590_1121_504.png,1
PAT_597_1139_181.png,0
PAT_667_1264_8.png,0
PAT_678_1287_652.png,0
PAT_679_1286_677.png,0
PAT_692_1308_364.png,0
PAT_695_1314_822.png,0
PAT_701_4056_457.png,3
PAT_735_1391_261.png,1
PAT_747_1410_179.png,1
PAT_757_1431_907.png,0
PAT_764_1448_499.png,1
PAT_767_1501_691.png,0
PAT_793_1512_382.png,0
PAT_793_1512_513.png,0
PAT_805_1517_154.png,0
PAT_827_1599_248.png,1
PAT_838_1586_622.png,0
PAT_840_1595_981.png,1
PAT_849_1612_143.png,1
PAT_858_1633_926.png,0
PAT_874_1671_938.png,0
PAT_876_1665_569.png,0
PAT_878_1663_7.png,1
PAT_902_1718_852.png,0
PAT_935_1786_482.png,1
PAT_962_1823_942.png,1
PAT_987_1859_859.png,0
PAT_996_6_367.png,0
PAT_1000_31_620.png,0
PAT_1068_285_845.png,0
PAT_1074_322_662.png,3
PAT_1082_342_705.png,2
PAT_1109_437_254.png,1
PAT_1124_489_151.png,0
PAT_1275_955_131.png,3
PAT_1286_1000_517.png,3
PAT_1308_1095_117.png,0
PAT_1330_1172_722.png,0
PAT_1334_1178_413.png,0
PAT_1374_1285_735.png,0
PAT_1374_1286_775.png,0
PAT_1393_1355_316.png,1
PAT_1460_1598_708.png,0
PAT_1483_1678_538.png,2
PAT_1498_1719_816.png,3
PAT_1509_1741_810.png,1
PAT_1520_1777_935.png,1
PAT_1557_2399_681.png,0
PAT_1620_2779_319.png,0
PAT_1633_2855_460.png,0
PAT_1639_2879_744.png,0
PAT_1682_3050_600.png,1
PAT_1708_3155_581.png,2
PAT_1709_3159_144.png,0
PAT_1722_3214_672.png,1
PAT_1754_3306_816.png,0
PAT_1755_3309_828.png,0
PAT_1765_3337_365.png,0
PAT_1767_3340_959.png,0
PAT_1871_3666_675.png,0
PAT_1976_4000_701.png,0
PAT_1980_4018_929.png,2
PAT_1993_4076_174.png,0
PAT_2008_4126_489.png,1
PAT_2080_4484_997.png,0
PAT_2081_4488_57.png,2
PAT_2140_4726_85.png,1
PAT_2142_4733_13.png,0
PAT_2161_4818_501.png,3
